Feature,Status,Completion %,Estimated Hours to Complete,Priority,Category,Key Files,Blockers,Dependencies,Notes
Instance and Device Creation,Complete,100,0,N/A,Core Infrastructure,VulkanGraphicsImpl.cpp:34-214,,,"Vulkan instance, physical device, logical device, queues created. Validation layer support included."
Memory Management (VMA),Complete,100,0,N/A,Core Infrastructure,VulkanMemoryPoolManager.h/cpp,,,"VMA fully integrated. GPU resource allocation, memory pooling, staging buffers all working."
Command Buffers and Synchronization,Complete,100,0,N/A,Core Infrastructure,"VulkanGraphicsImpl.h:737-742, VulkanGraphicsImpl.cpp",,,"Triple-buffered command buffers, per-frame fencing, timeline semaphore framework."
Render Passes and Framebuffers,Complete,100,0,N/A,Core Infrastructure,VulkanGraphicsImpl.cpp:1366-1534,,,"Single-pass render pass with color+depth, G-Buffer, render pass caching."
Vertex and Index Buffers,Complete,100,0,N/A,Data Management,VulkanVertexBuffer.cpp / VulkanIndexBuffer.cpp,,"VMA memory management",16-bit and 32-bit index support. Binding implemented.
Textures and Samplers,Complete,100,0,N/A,Data Management,VulkanTexture.cpp / VulkanSamplerCache.cpp,,,"Filter modes (NEAREST, BILINEAR, TRILINEAR, ANISOTROPIC), address modes (CLAMP, REPEAT, MIRROR)."
Shader Compilation (SPIR-V),Complete,100,0,N/A,Rendering,VulkanShaderCompiler.cpp / VulkanShaderCache.cpp / VulkanShaderModule.cpp,,"shaderc or glslang","GLSL to SPIR-V compilation, shader parameter support, graceful degradation."
SPIR-V Reflection Framework,Complete,100,0,N/A,Rendering,VulkanSPIRVReflect.h/cpp,,,"Descriptor inference from bytecode, descriptor type extraction."
Descriptor Pool Management,Complete,100,0,N/A,Rendering,VulkanDescriptorPool.h/cpp,,"Descriptor types (8)", "Layout caching, 8 descriptor type support."
Pipeline Layout Creation,Complete,100,0,N/A,Rendering,VulkanGraphicsImpl.cpp,,"Descriptors, shader modules","Push constant management, descriptor set layout creation."
Graphics Pipeline Creation,Complete,100,0,N/A,Rendering,VulkanPipelineCache.h/cpp,,"Shader modules, descriptor layouts","Pipeline state caching by hash, disk persistence."
Graphics State Mapping,Complete,100,0,N/A,Rendering,VulkanPipelineState.h/cpp,,"Pipeline creation","Blend, depth, stencil, cull, viewport, scissor states."
Shader Module Integration,Complete,100,0,N/A,Rendering,VulkanGraphicsImpl.cpp,,"Shader compilation, pipeline creation","Vertex and fragment shader binding, module creation from SPIR-V."
Deferred Rendering Framework,Complete,100,0,N/A,Advanced Rendering,VulkanGraphicsImpl.cpp:1366-1534,,,"G-Buffer (4 color + depth), framebuffer selection, render target binding."
G-Buffer Attachments,Complete,100,0,N/A,Advanced Rendering,VulkanGraphicsImpl.cpp,,"Render pass creation, framebuffer creation","Position, Normal, Albedo, Specular textures with proper formats."
Extended Render Pass Descriptor,Complete,100,0,N/A,Advanced Rendering,VulkanGraphicsImpl.h:47-136,,"Subpass support","Multi-attachment, multi-subpass, subpass dependencies."
Secondary Command Buffers,Complete,100,0,N/A,Multi-threading,VulkanSecondaryCommandBuffer.h/cpp,,,"Pool-based management, 4 worker threads, batch recording."
MSAA Support,Complete,100,0,N/A,Quality,VulkanGraphicsImpl.cpp,,"Device capabilities, image creation","Sample count detection (1x-16x), automatic fallback."
Default Textures,Complete,100,0,N/A,Data Management,VulkanGraphicsImpl.cpp:204-246,,,"White diffuse, neutral normal, white specular for unassigned materials."
Instancing Support,Complete,100,0,N/A,Performance,VulkanInstanceBufferManager.h/cpp,,"Instance buffer, descriptor binding","Up to 65K instances, per-instance data (112 bytes)."
GPU-Driven Rendering,Complete,100,0,N/A,Performance,VulkanIndirectDrawManager.h/cpp / VulkanBatchDispatcher.h/cpp,,"Indirect draw buffers, pipeline","vkCmdDrawIndexedIndirect(), batch-to-indirect conversion."
Staging Buffer Optimization,Complete,100,0,N/A,Performance,VulkanStagingBufferManager.h/cpp,,"Memory management, synchronization","64MB staging pool, asynchronous uploads, fence tracking."
Constant Buffer Pooling,Complete,100,0,N/A,Data Management,VulkanConstantBufferPool.h/cpp,,"Memory management, descriptors","Pre-allocated pools, material parameter handling."
Profiling Infrastructure,Complete,100,0,N/A,Debugging,VulkanProfiler.h/cpp,,"Frame telemetry, cache tracking, ProfilerUI integration."
Deferred Lighting Pass,Partial,80,0.5-1,High,Advanced Rendering,Graphics_Vulkan.cpp / VulkanGraphicsImpl.cpp,"End-to-end testing, optimization","Testing with deferred samples","COMPLETE draw pipeline integration: UploadPendingShaderParameters_Vulkan() integrated in all 5 Draw_Vulkan variants. Full data flow: SetShaderParameter → parameter storage → VulkanConstantBufferPool allocation → std140 packing → descriptor creation → GPU binding (set slot 2) → draw. All infrastructure production-ready. Remaining: end-to-end testing."
Material Parameter Reflection,Complete,100,0,N/A,Rendering,VulkanMaterialDescriptorManager.h/cpp / VulkanSPIRVReflect.cpp,,,Complete texture hash tracking and binding for all 5 texture units (diffuse, normal, specular, emissive, environment). Descriptor updates now dynamically bind all material textures.
Input Attachments,Partial,65,1-2,Medium,Advanced Rendering,Graphics_Vulkan.cpp / VulkanGraphicsImpl.cpp,"Lighting pass integration, testing","Deferred rendering samples","Descriptor creation and binding complete. CreateInputAttachmentDescriptorSet_Vulkan() reads G-Buffer from render targets. BindInputAttachmentDescriptors_Vulkan() binds to set slot 3. Tile-local memory optimization for mobile GPUs. Remaining: integrate with lighting subpass."
Geometry Shaders,Not Started,0,4-5,Medium,Rendering,VulkanGraphicsImpl.cpp / VulkanPipelineState.cpp,"Pipeline geometry stage, shader compilation","Shader compiler updates, descriptor support","No VkPipelineShaderStageCreateInfo for geometry stage."
Compute Shaders,Not Started,0,6-8,Medium,Rendering,VulkanGraphicsImpl.cpp / VulkanComputePipeline.cpp,"Compute pipeline, descriptor binding","Compute pipeline objects, dispatch commands, storage buffers","Would require separate compute pipeline and command buffer dispatch."
MoltenVK Support (macOS/iOS),Not Started,0,10-12,Low,Platform Support,VulkanGraphicsImpl.cpp,"Platform-specific initialization, Metal layer","MoltenVK SDK, platform windowing, Metal driver","Metal backend layer via Vulkan portability subset."
Android Vulkan Support,Not Started,0,8-10,Low,Platform Support,VulkanGraphicsImpl.cpp / Android build files,"ANativeWindow surface, NDK integration","Android NDK, Gradle configuration, JNI bridge","Currently Linux/Windows only. Needs Android-specific surface creation."
Timeline Semaphore Integration,Framework,80,1-2,Low,Performance,VulkanGraphicsImpl.cpp,,"Timeline semaphore support, GPU sync","Alternative to binary semaphores. Framework present, full integration optional."
